{"stats":{"minecraft:used":{"dragonflame:dragonstone_bricks":43,"dragonflame:polished_dragonstone":1,"dragonflame:dragonstone_wall":3,"dragonflame:dragonstone_brick_stairs":8,"minecraft:stripped_spruce_log":43,"dragonflame:chiseled_dragonstone":8,"minecraft:structure_block":2},"minecraft:custom":{"minecraft:jump":14,"minecraft:time_since_rest":6098,"minecraft:crouch_one_cm":158,"minecraft:leave_game":2,"minecraft:play_time":6098,"minecraft:time_since_death":6098,"minecraft:walk_one_cm":12145,"minecraft:sneak_time":468,"minecraft:total_world_time":9765,"minecraft:fly_one_cm":36484}},"DataVersion":3465}