{"stats":{"minecraft:used":{"minecraft:stone_brick_stairs":10,"dragonflame:cobbled_dragonstone":11,"minecraft:purple_stained_glass_pane":1,"minecraft:stone_brick_slab":1,"dragonflame:dragonstone":30,"minecraft:chiseled_stone_bricks":3,"minecraft:lava_bucket":53,"dragonflame:dragonstone_wall":8,"minecraft:magma_block":7,"dragonflame:dragon_window":1,"dragonflame:cracked_dragonstone_bricks":45,"dragonflame:dragonstone_bricks":353,"minecraft:gold_block":2,"dragonflame:polished_dragonstone":40,"minecraft:stone":1,"minecraft:stone_brick_wall":6,"dragonflame:cobbled_dragonstone_stairs":10,"minecraft:smooth_stone":9,"minecraft:raw_gold_block":2,"dragonflame:statue_lilitu":3,"dragonflame:dragonstone_brick_stairs":312,"minecraft:soul_torch":4,"dragonflame:chiseled_dragonstone":133},"minecraft:dropped":{"minecraft:purple_stained_glass_pane":1},"minecraft:custom":{"minecraft:time_since_rest":37997,"minecraft:crouch_one_cm":1548,"minecraft:play_time":37997,"minecraft:walk_one_cm":22812,"minecraft:sneak_time":2145,"minecraft:drop":1,"minecraft:jump":33,"minecraft:leave_game":1,"minecraft:time_since_death":37997,"minecraft:total_world_time":62323,"minecraft:fly_one_cm":330933}},"DataVersion":3465}