{"stats":{"minecraft:dropped":{"minecraft:dirt":2},"minecraft:picked_up":{"minecraft:book":17,"minecraft:eye_armor_trim_smithing_template":2,"minecraft:enchanted_book":4,"minecraft:soul_torch":2,"minecraft:dirt":2,"minecraft:paper":16},"minecraft:used":{"dragonflame:armored_vindicator_spawn_egg":3,"dragonflame:arcane_torch":1,"dragonflame:pillager_dog_spawn_egg":2,"minecraft:jigsaw":131,"minecraft:dirt":5,"dragonflame:armored_pillager_spawn_egg":4,"dragonflame:statue_adoredu":1,"minecraft:chest":2,"dragonflame:polished_dragonstone":117,"minecraft:structure_void":177,"minecraft:structure_block":65,"dragonflame:statue_lilitu":3,"dragonflame:arcane_ground_torch":1,"dragonflame:dragonstone_brick_stairs":1,"dragonflame:cobbled_dragonstone_wall":1,"minecraft:barrel":1},"minecraft:custom":{"minecraft:time_since_rest":64681,"minecraft:open_chest":4,"minecraft:crouch_one_cm":2317,"minecraft:play_time":64681,"minecraft:sprint_one_cm":36815,"minecraft:walk_one_cm":46808,"minecraft:sneak_time":5015,"minecraft:drop":2,"minecraft:jump":182,"minecraft:damage_dealt":9,"minecraft:leave_game":8,"minecraft:time_since_death":64681,"minecraft:total_world_time":79421,"minecraft:fly_one_cm":877221,"minecraft:open_barrel":1}},"DataVersion":3465}