{"stats":{"minecraft:used":{"dragonflame:dragonstone_bricks":57,"dragonflame:polished_dragonstone":7,"minecraft:soul_torch":2,"dragonflame:dragonstone_brick_stairs":39,"dragonflame:cobbled_dragonstone_wall":5,"dragonflame:chiseled_dragonstone":10,"minecraft:grass_block":9},"minecraft:dropped":{"minecraft:grass_block":1},"minecraft:picked_up":{"minecraft:soul_torch":1},"minecraft:custom":{"minecraft:jump":6,"minecraft:time_since_rest":8340,"minecraft:crouch_one_cm":199,"minecraft:leave_game":1,"minecraft:play_time":8340,"minecraft:time_since_death":8340,"minecraft:walk_one_cm":5785,"minecraft:sneak_time":586,"minecraft:total_world_time":8383,"minecraft:drop":1,"minecraft:fly_one_cm":80298}},"DataVersion":3465}