{"stats":{"minecraft:used":{"minecraft:purple_stained_glass_pane":4,"dragonflame:dragonstone":42,"minecraft:dark_oak_stairs":6,"minecraft:light_blue_stained_glass_pane":3,"minecraft:lava_bucket":18,"dragonflame:dragonstone_wall":27,"minecraft:gray_stained_glass_pane":1,"dragonflame:dragonstone_bricks":150,"minecraft:chest":4,"dragonflame:statue_adoredu":1,"minecraft:dark_oak_wood":5,"minecraft:dark_oak_slab":7,"dragonflame:dragonstone_brick_stairs":96,"dragonflame:dragonstone_stairs":18,"minecraft:barrel":19,"dragonflame:cobbled_dragonstone":30,"minecraft:red_stained_glass_pane":5,"minecraft:magma_block":8,"minecraft:stripped_dark_oak_log":5,"minecraft:lime_stained_glass_pane":3,"dragonflame:dragonstone_slab":4,"minecraft:yellow_stained_glass_pane":3,"dragonflame:polished_dragonstone":5,"dragonflame:cobbled_dragonstone_stairs":29,"minecraft:orange_stained_glass_pane":2,"dragonflame:cobbled_dragonstone_wall":12,"minecraft:soul_torch":36,"dragonflame:chiseled_dragonstone":72},"minecraft:custom":{"minecraft:time_since_rest":32177,"minecraft:walk_one_cm":39229,"minecraft:drop":1,"minecraft:fly_one_cm":187153,"minecraft:open_barrel":1,"minecraft:open_chest":3,"minecraft:crouch_one_cm":1986,"minecraft:play_time":32177,"minecraft:sneak_time":1488,"minecraft:jump":27,"minecraft:time_since_death":32177,"minecraft:total_world_time":40589},"minecraft:picked_up":{"minecraft:book":3,"minecraft:wheat":4,"minecraft:enchanted_book":6,"minecraft:gunpowder":8,"minecraft:redstone":1,"minecraft:music_disc_cat":1,"minecraft:string":14,"minecraft:paper":10,"minecraft:compass":1,"minecraft:bone":6,"minecraft:rotten_flesh":1,"minecraft:eye_armor_trim_smithing_template":1,"minecraft:music_disc_otherside":1,"minecraft:saddle":1,"minecraft:golden_horse_armor":1,"minecraft:bread":1,"minecraft:coal":4},"minecraft:dropped":{"minecraft:soul_torch":1}},"DataVersion":3465}